page,url,primary_keyword,secondary_keywords,search_intent,target_towns
Startseite,/,Haustechnik Donau-Ries,"SHK Fachbetrieb Donau-Ries, Heizung Sanitaer Lueftung Solar, Haustechnik Harburg",commercial,"Harburg, Donauwoerth, Noerdlingen, Donau-Ries"
Bad,/bad/,Badsanierung Donau-Ries,"Bad aus einer Hand, Badplanung Donauwoerth, neues Bad Noerdlingen, Komplettbad",commercial,"Harburg, Donauwoerth, Noerdlingen"
Badsanierung,/badsanierung/,Badsanierung Donauwoerth,"Bad renovieren, Komplettsanierung Bad, Badsanierung Kosten",commercial,"Donauwoerth, Donau-Ries"
Badplanung,/badplanung/,Badplanung Donau-Ries,"Bad planen 3D, Badberatung, Badgestaltung",informational,"Harburg, Donauwoerth"
Barrierefreies Bad,/barrierefreies-bad/,barrierefreies Bad Donau-Ries,"altersgerechtes Bad, bodengleiche Dusche, Bad ohne Schwelle",commercial,"Donauwoerth, Noerdlingen"
Heizung,/heizung/,Heizung Donau-Ries,"Heizungsbau Donauwoerth, Heizungsmodernisierung, neue Heizung Noerdlingen",commercial,"Harburg, Donauwoerth, Noerdlingen"
Waermepumpe,/waermepumpe/,Waermepumpe Donau-Ries,"Waermepumpe Foerderung, Luft-Wasser-Waermepumpe, Heizung mit Waermepumpe",commercial,"Donauwoerth, Donau-Ries"
Heizungsmodernisierung,/heizungsmodernisierung/,Heizungsmodernisierung Donau-Ries,"Heizung erneuern, Heizungstausch, alte Heizung ersetzen",commercial,"Donauwoerth, Noerdlingen"
Oel- und Gasheizung,/oel-gasheizung/,Gasheizung Donau-Ries,"Oelheizung erneuern, Brennwerttechnik, Gas-Hybridheizung",commercial,"Donauwoerth"
Solar,/solar/,Solar Donau-Ries,"Photovoltaik Donauwoerth, Solarthermie, PV-Anlage Noerdlingen",commercial,"Harburg, Donauwoerth, Noerdlingen"
Lueftung,/lueftung/,Lueftung Donau-Ries,"Wohnraumlueftung, kontrollierte Lueftung, Lueftungsanlage Donauwoerth",commercial,"Harburg, Donauwoerth"
Dezentrale Wohnraumlueftung,/dezentrale-wohnraumlueftung/,dezentrale Wohnraumlueftung,"Lueftung mit Waermerueckgewinnung, Lueftungssystem nachruesten",commercial,"Donauwoerth, Donau-Ries"
Haustechnik,/haustechnik/,Haustechnik Donau-Ries,"Sanitaerinstallation, Wasseraufbereitung, Hausinstallation Harburg",commercial,"Harburg, Donauwoerth, Noerdlingen"
Gewerbekunden,/leistungen-gewerbekunden/,Haustechnik Gewerbe Donau-Ries,"Objektbau Sanitaer, Anlagenbau Heizung, gewerbliche Haustechnik",commercial,"Donau-Ries, Donauwoerth"
Unternehmen,/unternehmen/,Donau-Ries Haustechnik Unternehmen,"SHK Meisterbetrieb Harburg, Handwerk Donau-Ries, ueber uns",navigational,"Harburg"
Kontakt,/kontaktformular/,Haustechnik Kontakt Donau-Ries,"Angebot anfordern, Beratung Heizung Bad, Rueckruf Harburg",transactional,"Harburg, Donauwoerth"
